radius_90_global_all_ranks,radius_95_global_all_ranks,radius_99_global_all_ranks
0.0002986254759477,0.0003425154822237,0.0004030235161609
