statistic,observed,null_mean,null_sd,n_null_geq_observed,B,empirical_p_greater
mean_morans_i,0.05595458022807241,-0.011477052374502254,0.0042493446342931965,0,1000,0.0
max_morans_i,0.3151546728591144,0.1863779025294087,0.034225889123918614,1,1000,0.001
sum_positive_morans_i,14.556041533413971,4.1888026223217,0.5182461942460569,0,1000,0.0
